company_id,year,cfo_sign,cfi_sign,cff_sign,pattern_label
1,2010,+,-,-,Shareholder Returns
1,2011,+,-,-,Shareholder Returns
1,2012,+,-,-,Shareholder Returns
1,2013,+,-,-,Reinvestor
1,2014,+,-,-,Shareholder Returns
1,2015,+,-,-,Reinvestor
1,2016,+,-,-,Shareholder Returns
1,2017,+,-,-,Reinvestor
1,2018,+,-,-,Reinvestor
1,2019,+,-,-,Shareholder Returns
1,2020,+,-,-,Shareholder Returns
1,2021,+,-,-,Reinvestor
1,2022,+,-,-,Reinvestor
1,2023,+,-,-,Reinvestor
1,2024,+,-,-,Shareholder Returns
2,2010,+,-,-,Reinvestor
2,2011,+,-,-,Reinvestor
2,2012,+,-,-,Reinvestor
2,2013,+,-,-,Reinvestor
2,2014,+,-,-,Reinvestor
2,2015,+,-,-,Shareholder Returns
2,2016,+,-,-,Reinvestor
2,2017,+,-,-,Shareholder Returns
2,2018,+,-,-,Shareholder Returns
2,2019,+,-,-,Shareholder Returns
2,2020,+,-,-,Shareholder Returns
2,2021,+,-,-,Shareholder Returns
2,2022,+,-,-,Reinvestor
2,2023,+,-,-,Shareholder Returns
2,2024,+,-,-,Reinvestor
3,2010,+,-,-,Reinvestor
3,2011,+,-,-,Reinvestor
3,2012,+,-,-,Shareholder Returns
3,2013,+,-,-,Reinvestor
3,2014,+,-,-,Reinvestor
3,2015,+,-,-,Reinvestor
3,2016,+,-,-,Reinvestor
3,2017,+,-,-,Shareholder Returns
3,2018,+,-,-,Shareholder Returns
3,2019,+,-,-,Shareholder Returns
3,2020,+,-,-,Shareholder Returns
3,2021,+,-,-,Reinvestor
3,2022,+,-,-,Reinvestor
3,2023,+,-,-,Reinvestor
3,2024,+,-,-,Reinvestor
4,2010,+,-,-,Reinvestor
4,2011,+,-,-,Reinvestor
4,2012,+,-,-,Shareholder Returns
4,2013,+,-,-,Reinvestor
4,2014,+,-,-,Reinvestor
4,2015,+,-,-,Shareholder Returns
4,2016,+,-,-,Reinvestor
4,2017,+,-,-,Reinvestor
4,2018,+,-,-,Reinvestor
4,2019,+,-,-,Reinvestor
4,2020,+,-,-,Reinvestor
4,2021,+,-,-,Reinvestor
4,2022,+,-,-,Reinvestor
4,2023,+,-,-,Reinvestor
4,2024,+,-,-,Reinvestor
5,2010,+,-,-,Shareholder Returns
5,2011,+,-,-,Reinvestor
5,2012,+,-,-,Shareholder Returns
5,2013,+,-,-,Shareholder Returns
5,2014,+,-,-,Reinvestor
5,2015,+,-,-,Shareholder Returns
5,2016,+,-,-,Shareholder Returns
5,2017,+,-,-,Shareholder Returns
5,2018,+,-,-,Shareholder Returns
5,2019,+,-,-,Shareholder Returns
5,2020,+,-,-,Reinvestor
5,2021,+,-,-,Shareholder Returns
5,2022,+,-,-,Reinvestor
5,2023,+,-,-,Shareholder Returns
5,2024,+,-,-,Reinvestor
6,2010,+,-,-,Reinvestor
6,2011,+,-,-,Reinvestor
6,2012,+,-,-,Shareholder Returns
6,2013,+,-,-,Reinvestor
6,2014,+,-,-,Shareholder Returns
6,2015,+,-,-,Shareholder Returns
6,2016,+,-,-,Shareholder Returns
6,2017,+,-,-,Reinvestor
6,2018,+,-,-,Reinvestor
6,2019,+,-,-,Shareholder Returns
6,2020,+,-,-,Reinvestor
6,2021,+,-,-,Reinvestor
6,2022,+,-,-,Shareholder Returns
6,2023,+,-,-,Reinvestor
6,2024,+,-,-,Shareholder Returns
7,2010,+,-,-,Shareholder Returns
7,2011,+,-,-,Shareholder Returns
7,2012,+,-,-,Reinvestor
7,2013,+,-,-,Reinvestor
7,2014,+,-,-,Reinvestor
7,2015,+,-,-,Reinvestor
7,2016,+,-,-,Reinvestor
7,2017,+,-,-,Reinvestor
7,2018,+,-,-,Shareholder Returns
7,2019,+,-,-,Shareholder Returns
7,2020,+,-,-,Reinvestor
7,2021,+,-,-,Reinvestor
7,2022,+,-,-,Shareholder Returns
7,2023,+,-,-,Shareholder Returns
7,2024,+,-,-,Shareholder Returns
8,2010,+,-,-,Shareholder Returns
8,2011,+,-,-,Reinvestor
8,2012,+,-,-,Shareholder Returns
8,2013,+,-,-,Reinvestor
8,2014,+,-,-,Shareholder Returns
8,2015,+,-,-,Reinvestor
8,2016,+,-,-,Reinvestor
8,2017,+,-,-,Reinvestor
8,2018,+,-,-,Reinvestor
8,2019,+,-,-,Reinvestor
8,2020,+,-,-,Shareholder Returns
8,2021,+,-,-,Reinvestor
8,2022,+,-,-,Reinvestor
8,2023,+,-,-,Reinvestor
8,2024,+,-,-,Reinvestor
9,2010,+,-,-,Reinvestor
9,2011,+,-,-,Shareholder Returns
9,2012,+,-,-,Shareholder Returns
9,2013,+,-,-,Reinvestor
9,2014,+,-,-,Shareholder Returns
9,2015,+,-,-,Shareholder Returns
9,2016,+,-,-,Reinvestor
9,2017,+,-,-,Reinvestor
9,2018,+,-,-,Reinvestor
9,2019,+,-,-,Reinvestor
9,2020,+,-,-,Reinvestor
9,2021,+,-,-,Shareholder Returns
9,2022,+,-,-,Reinvestor
9,2023,+,-,-,Reinvestor
9,2024,+,-,-,Shareholder Returns
10,2010,+,-,-,Shareholder Returns
10,2011,+,-,-,Reinvestor
10,2012,+,-,-,Shareholder Returns
10,2013,+,-,-,Reinvestor
10,2014,+,-,-,Reinvestor
10,2015,+,-,-,Shareholder Returns
10,2016,+,-,-,Reinvestor
10,2017,+,-,-,Reinvestor
10,2018,+,-,-,Reinvestor
10,2019,+,-,-,Reinvestor
10,2020,+,-,-,Reinvestor
10,2021,+,-,-,Reinvestor
10,2022,+,-,-,Shareholder Returns
10,2023,+,-,-,Reinvestor
10,2024,+,-,-,Reinvestor
11,2010,+,-,-,Reinvestor
11,2011,+,-,-,Reinvestor
11,2012,+,-,-,Reinvestor
11,2013,+,-,-,Reinvestor
11,2014,+,-,-,Reinvestor
11,2015,+,-,-,Reinvestor
11,2016,+,-,-,Reinvestor
11,2017,+,-,-,Shareholder Returns
11,2018,+,-,-,Reinvestor
11,2019,+,-,-,Reinvestor
11,2020,+,-,-,Reinvestor
11,2021,+,-,-,Shareholder Returns
11,2022,+,-,-,Reinvestor
11,2023,+,-,-,Shareholder Returns
11,2024,+,-,-,Reinvestor
12,2010,+,-,-,Reinvestor
12,2011,+,-,-,Reinvestor
12,2012,+,-,-,Reinvestor
12,2013,+,-,-,Reinvestor
12,2014,+,-,-,Reinvestor
12,2015,+,-,-,Reinvestor
12,2016,+,-,-,Reinvestor
12,2017,+,-,-,Shareholder Returns
12,2018,+,-,-,Reinvestor
12,2019,+,-,-,Reinvestor
12,2020,+,-,-,Reinvestor
12,2021,+,-,-,Reinvestor
12,2022,+,-,-,Reinvestor
12,2023,+,-,-,Shareholder Returns
12,2024,+,-,-,Shareholder Returns
13,2010,+,-,-,Reinvestor
13,2011,+,-,-,Reinvestor
13,2012,+,-,-,Shareholder Returns
13,2013,+,-,-,Shareholder Returns
13,2014,+,-,-,Reinvestor
13,2015,+,-,-,Reinvestor
13,2016,+,-,-,Reinvestor
13,2017,+,-,-,Reinvestor
13,2018,+,-,-,Reinvestor
13,2019,+,-,-,Shareholder Returns
13,2020,+,-,-,Reinvestor
13,2021,+,-,-,Reinvestor
13,2022,+,-,-,Reinvestor
13,2023,+,-,-,Shareholder Returns
13,2024,+,-,-,Reinvestor
14,2010,+,-,-,Shareholder Returns
14,2011,+,-,-,Shareholder Returns
14,2012,+,-,-,Shareholder Returns
14,2013,+,-,-,Reinvestor
14,2014,+,-,-,Reinvestor
14,2015,+,-,-,Shareholder Returns
14,2016,+,-,-,Reinvestor
14,2017,+,-,-,Reinvestor
14,2018,+,-,-,Reinvestor
14,2019,+,-,-,Shareholder Returns
14,2020,+,-,-,Reinvestor
14,2021,+,-,-,Shareholder Returns
14,2022,+,-,-,Reinvestor
14,2023,+,-,-,Reinvestor
14,2024,+,-,-,Reinvestor
15,2010,+,+,-,Liquidating Assets
15,2011,+,+,-,Liquidating Assets
15,2012,+,-,-,Reinvestor
15,2013,+,+,-,Liquidating Assets
15,2014,+,-,-,Reinvestor
15,2015,+,+,-,Liquidating Assets
15,2016,+,+,-,Liquidating Assets
15,2017,+,+,-,Liquidating Assets
15,2018,+,-,-,Reinvestor
15,2019,+,+,-,Liquidating Assets
15,2020,+,+,-,Liquidating Assets
15,2021,+,+,-,Liquidating Assets
15,2022,+,+,-,Liquidating Assets
15,2023,+,+,-,Liquidating Assets
15,2024,+,+,-,Liquidating Assets
16,2010,+,-,-,Reinvestor
16,2011,+,-,-,Reinvestor
16,2012,+,-,-,Reinvestor
16,2013,+,-,-,Reinvestor
16,2014,+,+,-,Liquidating Assets
16,2015,+,-,-,Reinvestor
16,2016,+,-,-,Reinvestor
16,2017,+,+,-,Liquidating Assets
16,2018,+,-,-,Reinvestor
16,2019,+,-,-,Reinvestor
16,2020,+,+,-,Liquidating Assets
16,2021,+,+,-,Liquidating Assets
16,2022,+,-,-,Reinvestor
16,2023,+,+,-,Liquidating Assets
16,2024,+,+,-,Liquidating Assets
17,2010,+,+,-,Liquidating Assets
17,2011,+,+,-,Liquidating Assets
17,2012,+,-,-,Reinvestor
17,2013,+,-,-,Reinvestor
17,2014,+,-,-,Reinvestor
17,2015,+,+,-,Liquidating Assets
17,2016,+,-,-,Reinvestor
17,2017,+,+,-,Liquidating Assets
17,2018,+,-,-,Reinvestor
17,2019,+,-,+,Mixed
17,2020,+,+,-,Liquidating Assets
17,2021,+,-,-,Reinvestor
17,2022,+,-,-,Reinvestor
17,2023,+,+,-,Liquidating Assets
17,2024,+,-,-,Reinvestor
18,2010,+,-,-,Reinvestor
18,2011,+,-,-,Reinvestor
18,2012,+,+,-,Liquidating Assets
18,2013,+,+,-,Liquidating Assets
18,2014,+,-,-,Reinvestor
18,2015,+,+,-,Liquidating Assets
18,2016,+,+,-,Liquidating Assets
18,2017,+,-,-,Reinvestor
18,2018,+,+,-,Liquidating Assets
18,2019,+,+,-,Liquidating Assets
18,2020,+,-,-,Reinvestor
18,2021,+,+,-,Liquidating Assets
18,2022,+,-,+,Mixed
18,2023,+,+,-,Liquidating Assets
18,2024,+,-,-,Reinvestor
19,2010,+,+,-,Liquidating Assets
19,2011,+,+,-,Liquidating Assets
19,2012,+,-,-,Reinvestor
19,2013,+,-,-,Reinvestor
19,2014,+,+,-,Liquidating Assets
19,2015,+,-,-,Reinvestor
19,2016,+,-,-,Reinvestor
19,2017,+,-,-,Reinvestor
19,2018,+,-,-,Reinvestor
19,2019,+,-,-,Reinvestor
19,2020,+,-,-,Reinvestor
19,2021,+,+,-,Liquidating Assets
19,2022,+,+,-,Liquidating Assets
19,2023,+,-,-,Reinvestor
19,2024,+,-,-,Reinvestor
20,2010,+,-,-,Reinvestor
20,2011,+,-,-,Reinvestor
20,2012,+,+,-,Liquidating Assets
20,2013,+,+,-,Liquidating Assets
20,2014,+,+,-,Liquidating Assets
20,2015,+,-,-,Reinvestor
20,2016,+,-,-,Reinvestor
20,2017,+,-,-,Reinvestor
20,2018,+,+,-,Liquidating Assets
20,2019,+,-,-,Reinvestor
20,2020,+,-,-,Reinvestor
20,2021,+,-,-,Reinvestor
20,2022,+,-,-,Reinvestor
20,2023,+,-,-,Reinvestor
20,2024,+,-,+,Mixed
21,2010,+,-,-,Reinvestor
21,2011,+,-,-,Reinvestor
21,2012,+,+,-,Liquidating Assets
21,2013,+,-,-,Reinvestor
21,2014,+,+,-,Liquidating Assets
21,2015,+,+,-,Liquidating Assets
21,2016,+,-,-,Reinvestor
21,2017,+,+,-,Liquidating Assets
21,2018,+,-,-,Reinvestor
21,2019,+,+,-,Liquidating Assets
21,2020,+,+,-,Liquidating Assets
21,2021,+,-,-,Reinvestor
21,2022,+,-,-,Reinvestor
21,2023,+,+,-,Liquidating Assets
21,2024,+,+,-,Liquidating Assets
22,2010,+,-,+,Mixed
22,2011,+,+,-,Liquidating Assets
22,2012,+,+,-,Liquidating Assets
22,2013,+,-,-,Reinvestor
22,2014,+,-,-,Reinvestor
22,2015,+,+,-,Liquidating Assets
22,2016,+,-,-,Reinvestor
22,2017,+,+,-,Liquidating Assets
22,2018,+,-,-,Reinvestor
22,2019,+,-,+,Mixed
22,2020,+,-,+,Mixed
22,2021,+,+,-,Liquidating Assets
22,2022,+,-,-,Reinvestor
22,2023,+,+,-,Liquidating Assets
22,2024,+,+,-,Liquidating Assets
23,2010,+,+,-,Liquidating Assets
23,2011,+,-,-,Reinvestor
23,2012,+,+,-,Liquidating Assets
23,2013,+,-,-,Reinvestor
23,2014,+,+,-,Liquidating Assets
23,2015,+,-,-,Reinvestor
23,2016,+,-,-,Reinvestor
23,2017,+,+,-,Liquidating Assets
23,2018,+,-,-,Reinvestor
23,2019,+,+,-,Liquidating Assets
23,2020,+,-,-,Reinvestor
23,2021,+,-,-,Reinvestor
23,2022,+,-,-,Reinvestor
23,2023,+,-,-,Reinvestor
23,2024,+,+,-,Liquidating Assets
24,2010,+,+,-,Liquidating Assets
24,2011,+,+,-,Liquidating Assets
24,2012,+,-,-,Reinvestor
24,2013,+,+,-,Liquidating Assets
24,2014,+,-,-,Reinvestor
24,2015,+,-,-,Reinvestor
24,2016,+,+,-,Liquidating Assets
24,2017,+,-,-,Reinvestor
24,2018,+,-,-,Reinvestor
24,2019,+,-,+,Mixed
24,2020,+,+,-,Liquidating Assets
24,2021,+,+,-,Liquidating Assets
24,2022,+,+,-,Liquidating Assets
24,2023,+,-,-,Reinvestor
24,2024,+,+,-,Liquidating Assets
25,2010,+,-,-,Reinvestor
25,2011,+,+,-,Liquidating Assets
25,2012,+,+,-,Liquidating Assets
25,2013,+,-,-,Reinvestor
25,2014,+,-,+,Mixed
25,2015,+,+,-,Liquidating Assets
25,2016,+,+,-,Liquidating Assets
25,2017,+,+,-,Liquidating Assets
25,2018,+,+,-,Liquidating Assets
25,2019,+,+,-,Liquidating Assets
25,2020,+,-,+,Mixed
25,2021,+,+,-,Liquidating Assets
25,2022,+,+,-,Liquidating Assets
25,2023,+,+,-,Liquidating Assets
25,2024,+,-,-,Reinvestor
26,2010,+,-,-,Reinvestor
26,2011,+,+,-,Liquidating Assets
26,2012,+,+,-,Liquidating Assets
26,2013,+,-,-,Reinvestor
26,2014,+,+,-,Liquidating Assets
26,2015,+,-,-,Reinvestor
26,2016,+,+,-,Liquidating Assets
26,2017,+,-,-,Reinvestor
26,2018,+,-,-,Reinvestor
26,2019,+,+,-,Liquidating Assets
26,2020,+,-,-,Reinvestor
26,2021,+,-,-,Reinvestor
26,2022,+,+,-,Liquidating Assets
26,2023,+,+,-,Liquidating Assets
26,2024,+,+,-,Liquidating Assets
27,2010,+,-,-,Reinvestor
27,2011,+,+,-,Liquidating Assets
27,2012,+,-,-,Reinvestor
27,2013,+,-,+,Mixed
27,2014,+,+,-,Liquidating Assets
27,2015,+,-,-,Reinvestor
27,2016,+,-,-,Reinvestor
27,2017,+,+,-,Liquidating Assets
27,2018,+,-,-,Reinvestor
27,2019,+,-,+,Mixed
27,2020,+,-,-,Reinvestor
27,2021,+,+,-,Liquidating Assets
27,2022,+,-,+,Mixed
27,2023,+,+,-,Liquidating Assets
27,2024,+,-,-,Reinvestor
28,2010,+,+,-,Liquidating Assets
28,2011,+,-,-,Reinvestor
28,2012,+,-,-,Reinvestor
28,2013,+,-,-,Reinvestor
28,2014,+,+,-,Liquidating Assets
28,2015,+,-,-,Reinvestor
28,2016,+,+,-,Liquidating Assets
28,2017,+,-,-,Reinvestor
28,2018,+,+,-,Liquidating Assets
28,2019,+,+,-,Liquidating Assets
28,2020,+,+,-,Liquidating Assets
28,2021,+,+,-,Liquidating Assets
28,2022,+,+,-,Liquidating Assets
28,2023,+,-,-,Reinvestor
28,2024,+,-,-,Reinvestor
29,2010,+,-,+,Mixed
29,2011,+,+,-,Liquidating Assets
29,2012,+,-,-,Reinvestor
29,2013,+,-,-,Reinvestor
29,2014,+,-,+,Mixed
29,2015,+,-,+,Mixed
29,2016,+,+,-,Liquidating Assets
29,2017,+,+,-,Liquidating Assets
29,2018,+,+,-,Liquidating Assets
29,2019,+,-,-,Reinvestor
29,2020,+,-,+,Mixed
29,2021,+,-,-,Reinvestor
29,2022,+,+,-,Liquidating Assets
29,2023,+,+,-,Liquidating Assets
29,2024,+,-,-,Reinvestor
30,2010,+,-,-,Reinvestor
30,2011,+,-,-,Reinvestor
30,2012,+,+,-,Liquidating Assets
30,2013,+,+,-,Liquidating Assets
30,2014,+,+,-,Liquidating Assets
30,2015,+,-,-,Reinvestor
30,2016,+,+,-,Liquidating Assets
30,2017,+,+,-,Liquidating Assets
30,2018,+,-,-,Reinvestor
30,2019,+,+,-,Liquidating Assets
30,2020,+,-,+,Mixed
30,2021,+,+,-,Liquidating Assets
30,2022,+,+,-,Liquidating Assets
30,2023,+,+,-,Liquidating Assets
30,2024,+,-,+,Mixed
31,2010,+,+,-,Liquidating Assets
31,2011,+,+,-,Liquidating Assets
31,2012,+,+,-,Liquidating Assets
31,2013,+,-,-,Reinvestor
31,2014,+,-,-,Reinvestor
31,2015,+,-,-,Reinvestor
31,2016,+,-,-,Reinvestor
31,2017,+,+,-,Liquidating Assets
31,2018,+,+,-,Liquidating Assets
31,2019,+,+,-,Liquidating Assets
31,2020,+,+,-,Liquidating Assets
31,2021,+,-,-,Reinvestor
31,2022,+,+,-,Liquidating Assets
31,2023,+,+,-,Liquidating Assets
31,2024,+,+,-,Liquidating Assets
32,2010,+,-,-,Reinvestor
32,2011,+,+,-,Liquidating Assets
32,2012,+,+,-,Liquidating Assets
32,2013,+,+,-,Liquidating Assets
32,2014,+,+,-,Liquidating Assets
32,2015,+,-,-,Reinvestor
32,2016,+,+,-,Liquidating Assets
32,2017,+,+,-,Liquidating Assets
32,2018,+,-,-,Reinvestor
32,2019,+,-,-,Reinvestor
32,2020,+,-,-,Reinvestor
32,2021,+,+,-,Liquidating Assets
32,2022,+,-,-,Reinvestor
32,2023,+,+,-,Liquidating Assets
32,2024,+,+,-,Liquidating Assets
33,2010,+,+,-,Liquidating Assets
33,2011,+,-,-,Reinvestor
33,2012,+,-,-,Reinvestor
33,2013,+,-,-,Reinvestor
33,2014,+,+,-,Liquidating Assets
33,2015,+,-,-,Reinvestor
33,2016,+,+,-,Liquidating Assets
33,2017,+,-,-,Reinvestor
33,2018,+,+,-,Liquidating Assets
33,2019,+,+,-,Liquidating Assets
33,2020,+,-,-,Reinvestor
33,2021,+,+,-,Liquidating Assets
33,2022,+,-,-,Reinvestor
33,2023,+,-,+,Mixed
33,2024,+,+,-,Liquidating Assets
34,2010,+,-,-,Reinvestor
34,2011,+,-,-,Reinvestor
34,2012,+,-,-,Shareholder Returns
34,2013,+,-,-,Reinvestor
34,2014,+,-,-,Reinvestor
34,2015,+,-,-,Shareholder Returns
34,2016,+,-,-,Reinvestor
34,2017,+,-,-,Reinvestor
34,2018,+,-,-,Shareholder Returns
34,2019,+,-,-,Reinvestor
34,2020,+,-,-,Reinvestor
34,2021,+,-,-,Reinvestor
34,2022,+,-,-,Shareholder Returns
34,2023,+,-,-,Reinvestor
34,2024,+,-,-,Reinvestor
35,2010,+,-,-,Reinvestor
35,2011,+,-,-,Reinvestor
35,2012,+,-,-,Reinvestor
35,2013,+,-,-,Shareholder Returns
35,2014,+,-,-,Reinvestor
35,2015,+,-,-,Reinvestor
35,2016,+,-,-,Shareholder Returns
35,2017,+,-,-,Reinvestor
35,2018,+,-,-,Reinvestor
35,2019,+,-,-,Reinvestor
35,2020,+,-,-,Reinvestor
35,2021,+,-,-,Reinvestor
35,2022,+,-,-,Reinvestor
35,2023,+,-,-,Reinvestor
35,2024,+,-,-,Shareholder Returns
36,2010,+,-,-,Reinvestor
36,2011,+,-,-,Reinvestor
36,2012,+,-,-,Shareholder Returns
36,2013,+,-,-,Shareholder Returns
36,2014,+,-,-,Reinvestor
36,2015,+,-,-,Reinvestor
36,2016,+,-,-,Reinvestor
36,2017,+,-,-,Reinvestor
36,2018,+,-,-,Reinvestor
36,2019,+,-,-,Reinvestor
36,2020,+,-,-,Reinvestor
36,2021,+,-,-,Reinvestor
36,2022,+,-,-,Reinvestor
36,2023,+,-,-,Reinvestor
36,2024,+,-,-,Reinvestor
37,2010,+,-,-,Shareholder Returns
37,2011,+,-,-,Reinvestor
37,2012,+,-,-,Reinvestor
37,2013,+,-,-,Reinvestor
37,2014,+,-,-,Reinvestor
37,2015,+,-,+,Mixed
37,2016,+,-,-,Shareholder Returns
37,2017,+,-,-,Reinvestor
37,2018,+,-,-,Reinvestor
37,2019,+,-,-,Reinvestor
37,2020,+,-,-,Reinvestor
37,2021,+,-,-,Reinvestor
37,2022,+,-,-,Reinvestor
37,2023,+,-,-,Reinvestor
37,2024,+,-,-,Reinvestor
38,2010,+,-,-,Shareholder Returns
38,2011,+,-,-,Shareholder Returns
38,2012,+,-,-,Reinvestor
38,2013,+,-,-,Reinvestor
38,2014,+,-,-,Shareholder Returns
38,2015,+,-,-,Shareholder Returns
38,2016,+,-,-,Reinvestor
38,2017,+,-,-,Shareholder Returns
38,2018,+,-,-,Shareholder Returns
38,2019,+,-,-,Reinvestor
38,2020,+,-,-,Reinvestor
38,2021,+,-,-,Reinvestor
38,2022,+,-,-,Reinvestor
38,2023,+,-,-,Reinvestor
38,2024,+,-,-,Shareholder Returns
39,2010,+,-,-,Reinvestor
39,2011,+,-,-,Shareholder Returns
39,2012,+,-,-,Reinvestor
39,2013,+,-,-,Shareholder Returns
39,2014,+,-,-,Reinvestor
39,2015,+,-,-,Reinvestor
39,2016,+,-,-,Reinvestor
39,2017,+,-,-,Reinvestor
39,2018,+,-,-,Reinvestor
39,2019,+,-,-,Reinvestor
39,2020,+,-,-,Reinvestor
39,2021,+,-,-,Shareholder Returns
39,2022,+,-,-,Reinvestor
39,2023,+,-,-,Reinvestor
39,2024,+,-,-,Reinvestor
40,2010,+,-,-,Shareholder Returns
40,2011,+,-,-,Reinvestor
40,2012,+,-,-,Reinvestor
40,2013,+,-,-,Shareholder Returns
40,2014,+,-,-,Reinvestor
40,2015,+,-,-,Reinvestor
40,2016,+,-,-,Reinvestor
40,2017,+,-,-,Shareholder Returns
40,2018,+,-,-,Shareholder Returns
40,2019,+,-,-,Reinvestor
40,2020,+,-,-,Reinvestor
40,2021,+,-,-,Reinvestor
40,2022,+,-,-,Shareholder Returns
40,2023,+,-,-,Reinvestor
40,2024,+,-,-,Reinvestor
41,2010,+,-,-,Reinvestor
41,2011,+,-,-,Reinvestor
41,2012,+,-,-,Reinvestor
41,2013,+,-,-,Reinvestor
41,2014,+,-,-,Reinvestor
41,2015,+,-,-,Reinvestor
41,2016,+,-,-,Reinvestor
41,2017,+,-,-,Shareholder Returns
41,2018,+,-,-,Reinvestor
41,2019,+,-,-,Reinvestor
41,2020,+,-,-,Reinvestor
41,2021,+,-,-,Reinvestor
41,2022,+,-,-,Reinvestor
41,2023,+,-,-,Reinvestor
41,2024,+,-,-,Shareholder Returns
42,2010,+,-,-,Reinvestor
42,2011,+,-,-,Reinvestor
42,2012,+,-,-,Reinvestor
42,2013,+,-,-,Reinvestor
42,2014,+,-,-,Shareholder Returns
42,2015,+,-,-,Reinvestor
42,2016,+,-,-,Reinvestor
42,2017,+,-,-,Reinvestor
42,2018,+,-,-,Reinvestor
42,2019,+,-,-,Reinvestor
42,2020,+,-,-,Reinvestor
42,2021,+,-,-,Shareholder Returns
42,2022,+,-,-,Reinvestor
42,2023,+,-,-,Reinvestor
42,2024,+,-,-,Reinvestor
43,2010,+,-,-,Reinvestor
43,2011,+,-,-,Reinvestor
43,2012,+,-,-,Reinvestor
43,2013,+,-,-,Reinvestor
43,2014,+,-,-,Shareholder Returns
43,2015,+,-,-,Shareholder Returns
43,2016,+,-,-,Reinvestor
43,2017,+,-,-,Reinvestor
43,2018,+,-,-,Shareholder Returns
43,2019,+,-,-,Reinvestor
43,2020,+,-,-,Reinvestor
43,2021,+,-,-,Shareholder Returns
43,2022,+,-,-,Shareholder Returns
43,2023,+,-,-,Reinvestor
43,2024,+,-,-,Reinvestor
44,2010,+,-,-,Reinvestor
44,2011,+,-,-,Reinvestor
44,2012,+,-,-,Reinvestor
44,2013,+,-,-,Reinvestor
44,2014,+,-,-,Reinvestor
44,2015,+,-,+,Mixed
44,2016,+,-,-,Reinvestor
44,2017,+,-,-,Reinvestor
44,2018,+,-,-,Reinvestor
44,2019,+,-,-,Reinvestor
44,2020,+,-,-,Reinvestor
44,2021,+,-,-,Reinvestor
44,2022,+,-,-,Reinvestor
44,2023,+,-,-,Reinvestor
44,2024,+,-,-,Reinvestor
45,2010,+,-,-,Reinvestor
45,2011,+,-,-,Reinvestor
45,2012,+,-,-,Reinvestor
45,2013,+,-,-,Reinvestor
45,2014,+,-,-,Reinvestor
45,2015,+,-,-,Reinvestor
45,2016,+,-,-,Reinvestor
45,2017,+,-,-,Reinvestor
45,2018,+,-,-,Reinvestor
45,2019,+,-,-,Reinvestor
45,2020,+,-,-,Reinvestor
45,2021,+,-,-,Reinvestor
45,2022,+,-,-,Reinvestor
45,2023,+,-,-,Reinvestor
45,2024,+,-,-,Reinvestor
46,2010,+,-,-,Reinvestor
46,2011,+,-,-,Reinvestor
46,2012,+,-,-,Reinvestor
46,2013,+,-,-,Reinvestor
46,2014,+,-,-,Reinvestor
46,2015,+,-,+,Mixed
46,2016,+,-,-,Reinvestor
46,2017,+,-,-,Reinvestor
46,2018,+,-,-,Reinvestor
46,2019,+,-,-,Reinvestor
46,2020,+,-,-,Reinvestor
46,2021,+,-,-,Reinvestor
46,2022,+,-,-,Reinvestor
46,2023,+,-,-,Reinvestor
46,2024,+,-,-,Reinvestor
47,2010,+,-,-,Reinvestor
47,2011,+,-,-,Reinvestor
47,2012,+,-,-,Reinvestor
47,2013,+,-,-,Reinvestor
47,2014,+,-,-,Reinvestor
47,2015,+,-,-,Reinvestor
47,2016,+,-,-,Reinvestor
47,2017,+,-,-,Reinvestor
47,2018,+,-,-,Reinvestor
47,2019,+,-,-,Reinvestor
47,2020,+,-,-,Reinvestor
47,2021,+,-,-,Reinvestor
47,2022,+,-,-,Reinvestor
47,2023,+,-,-,Reinvestor
47,2024,+,-,-,Reinvestor
48,2010,+,-,-,Reinvestor
48,2011,+,-,-,Reinvestor
48,2012,+,-,-,Reinvestor
48,2013,+,-,-,Reinvestor
48,2014,+,-,-,Reinvestor
48,2015,+,-,-,Reinvestor
48,2016,+,-,-,Reinvestor
48,2017,+,-,-,Reinvestor
48,2018,+,-,-,Reinvestor
48,2019,+,-,-,Reinvestor
48,2020,+,-,-,Reinvestor
48,2021,+,-,+,Mixed
48,2022,+,-,-,Reinvestor
48,2023,+,-,-,Reinvestor
48,2024,+,-,-,Reinvestor
49,2010,+,-,-,Reinvestor
49,2011,+,-,-,Reinvestor
49,2012,+,-,-,Reinvestor
49,2013,+,-,-,Reinvestor
49,2014,+,-,-,Reinvestor
49,2015,+,-,-,Reinvestor
49,2016,+,-,-,Reinvestor
49,2017,+,-,-,Reinvestor
49,2018,+,-,-,Reinvestor
49,2019,+,-,-,Reinvestor
49,2020,+,-,-,Reinvestor
49,2021,+,-,-,Reinvestor
49,2022,+,-,-,Reinvestor
49,2023,+,-,-,Reinvestor
49,2024,+,-,-,Reinvestor
50,2010,+,-,-,Reinvestor
50,2011,+,-,-,Reinvestor
50,2012,+,-,-,Reinvestor
50,2013,+,-,-,Reinvestor
50,2014,+,-,-,Reinvestor
50,2015,+,-,-,Reinvestor
50,2016,+,-,-,Reinvestor
50,2017,+,-,-,Reinvestor
50,2018,+,-,-,Reinvestor
50,2019,+,-,-,Reinvestor
50,2020,+,-,-,Reinvestor
50,2021,+,-,-,Reinvestor
50,2022,+,-,-,Reinvestor
50,2023,+,-,-,Reinvestor
50,2024,+,-,-,Reinvestor
51,2010,+,-,-,Reinvestor
51,2011,+,-,-,Reinvestor
51,2012,+,-,-,Reinvestor
51,2013,+,-,-,Reinvestor
51,2014,+,-,-,Reinvestor
51,2015,+,-,-,Reinvestor
51,2016,+,-,-,Reinvestor
51,2017,+,-,-,Reinvestor
51,2018,+,-,-,Reinvestor
51,2019,+,-,-,Reinvestor
51,2020,+,-,-,Reinvestor
51,2021,+,-,-,Reinvestor
51,2022,+,-,-,Reinvestor
51,2023,+,-,-,Reinvestor
51,2024,+,-,-,Reinvestor
52,2010,+,-,-,Reinvestor
52,2011,+,-,-,Reinvestor
52,2012,+,-,-,Reinvestor
52,2013,+,-,+,Mixed
52,2014,+,-,+,Mixed
52,2015,+,-,+,Mixed
52,2016,+,-,+,Mixed
52,2017,+,-,+,Mixed
52,2018,+,-,+,Mixed
52,2019,+,-,+,Mixed
52,2020,+,-,+,Mixed
52,2021,+,-,+,Mixed
52,2022,+,-,-,Reinvestor
52,2023,+,-,-,Reinvestor
52,2024,+,-,-,Reinvestor
53,2010,+,-,+,Mixed
53,2011,+,-,-,Reinvestor
53,2012,+,-,+,Mixed
53,2013,+,-,+,Mixed
53,2014,+,-,+,Mixed
53,2015,+,-,+,Mixed
53,2016,+,-,+,Mixed
53,2017,+,-,+,Mixed
53,2018,+,-,+,Mixed
53,2019,+,-,+,Mixed
53,2020,+,-,-,Reinvestor
53,2021,+,-,+,Mixed
53,2022,+,-,-,Reinvestor
53,2023,+,-,+,Mixed
53,2024,+,-,+,Mixed
54,2010,+,-,+,Mixed
54,2011,+,-,+,Mixed
54,2012,+,-,-,Reinvestor
54,2013,+,-,+,Mixed
54,2014,+,-,-,Reinvestor
54,2015,+,-,+,Mixed
54,2016,+,-,-,Reinvestor
54,2017,+,-,-,Reinvestor
54,2018,+,-,+,Mixed
54,2019,+,-,-,Reinvestor
54,2020,+,-,+,Mixed
54,2021,+,-,-,Reinvestor
54,2022,+,-,+,Mixed
54,2023,+,-,-,Reinvestor
54,2024,+,-,-,Reinvestor
55,2010,+,-,+,Mixed
55,2011,+,-,+,Mixed
55,2012,+,-,+,Mixed
55,2013,+,-,-,Reinvestor
55,2014,+,-,+,Mixed
55,2015,+,-,-,Reinvestor
55,2016,+,-,+,Mixed
55,2017,+,-,+,Mixed
55,2018,+,-,+,Mixed
55,2019,+,-,-,Reinvestor
55,2020,+,-,-,Reinvestor
55,2021,+,-,+,Mixed
55,2022,+,-,+,Mixed
55,2023,+,-,+,Mixed
55,2024,+,-,-,Reinvestor
56,2010,+,-,-,Reinvestor
56,2011,+,-,+,Mixed
56,2012,+,-,+,Mixed
56,2013,+,-,+,Mixed
56,2014,+,-,+,Mixed
56,2015,+,-,+,Mixed
56,2016,+,-,+,Mixed
56,2017,+,-,+,Mixed
56,2018,+,-,+,Mixed
56,2019,+,-,+,Mixed
56,2020,+,-,+,Mixed
56,2021,+,-,+,Mixed
56,2022,+,-,+,Mixed
56,2023,+,-,+,Mixed
56,2024,+,-,-,Reinvestor
57,2010,+,-,+,Mixed
57,2011,+,-,+,Mixed
57,2012,+,-,+,Mixed
57,2013,+,-,-,Reinvestor
57,2014,+,-,+,Mixed
57,2015,+,-,+,Mixed
57,2016,+,-,+,Mixed
57,2017,+,-,-,Reinvestor
57,2018,+,-,+,Mixed
57,2019,+,-,-,Reinvestor
57,2020,+,-,-,Reinvestor
57,2021,+,-,+,Mixed
57,2022,+,-,+,Mixed
57,2023,+,-,+,Mixed
57,2024,+,-,+,Mixed
58,2010,+,-,+,Mixed
58,2011,+,-,+,Mixed
58,2012,+,-,+,Mixed
58,2013,+,-,+,Mixed
58,2014,+,-,+,Mixed
58,2015,+,-,+,Mixed
58,2016,+,-,-,Reinvestor
58,2017,+,-,-,Reinvestor
58,2018,+,-,+,Mixed
58,2019,+,-,+,Mixed
58,2020,+,-,+,Mixed
58,2021,+,-,+,Mixed
58,2022,+,-,+,Mixed
58,2023,+,-,+,Mixed
58,2024,+,-,+,Mixed
59,2010,+,-,+,Mixed
59,2011,+,-,+,Mixed
59,2012,+,-,+,Mixed
59,2013,+,-,-,Reinvestor
59,2014,+,-,+,Mixed
59,2015,+,-,-,Reinvestor
59,2016,+,-,-,Reinvestor
59,2017,+,-,+,Mixed
59,2018,+,-,+,Mixed
59,2019,+,-,+,Mixed
59,2020,+,-,+,Mixed
59,2021,+,-,+,Mixed
59,2022,+,-,+,Mixed
59,2023,+,-,+,Mixed
59,2024,+,-,+,Mixed
60,2010,+,-,+,Mixed
60,2011,+,-,+,Mixed
60,2012,+,-,+,Mixed
60,2013,+,-,-,Reinvestor
60,2014,+,-,+,Mixed
60,2015,+,-,+,Mixed
60,2016,+,-,+,Mixed
60,2017,+,-,+,Mixed
60,2018,+,-,+,Mixed
60,2019,-,-,+,Growth Funded by Debt
60,2020,+,-,+,Mixed
60,2021,-,-,+,Growth Funded by Debt
60,2022,+,-,+,Mixed
60,2023,+,-,+,Mixed
60,2024,+,-,+,Mixed
61,2010,+,-,+,Mixed
61,2011,+,-,+,Mixed
61,2012,+,-,-,Reinvestor
61,2013,+,-,+,Mixed
61,2014,+,-,+,Mixed
61,2015,+,-,+,Mixed
61,2016,-,-,+,Growth Funded by Debt
61,2017,+,-,+,Mixed
61,2018,+,-,+,Mixed
61,2019,+,-,-,Reinvestor
61,2020,+,-,+,Mixed
61,2021,-,-,+,Growth Funded by Debt
61,2022,+,-,+,Mixed
61,2023,+,-,+,Mixed
61,2024,+,-,+,Mixed
62,2010,+,-,+,Mixed
62,2011,+,-,+,Mixed
62,2012,+,-,-,Reinvestor
62,2013,+,-,+,Mixed
62,2014,+,-,+,Mixed
62,2015,+,-,-,Reinvestor
62,2016,+,-,+,Mixed
62,2017,-,-,+,Growth Funded by Debt
62,2018,+,-,-,Reinvestor
62,2019,+,-,-,Reinvestor
62,2020,+,-,+,Mixed
62,2021,+,-,+,Mixed
62,2022,+,-,+,Mixed
62,2023,+,-,+,Mixed
62,2024,+,-,+,Mixed
63,2010,+,-,+,Mixed
63,2011,+,-,+,Mixed
63,2012,-,-,+,Growth Funded by Debt
63,2013,+,-,-,Reinvestor
63,2014,+,-,-,Reinvestor
63,2015,+,-,+,Mixed
63,2016,+,-,+,Mixed
63,2017,+,-,+,Mixed
63,2018,+,-,+,Mixed
63,2019,+,-,+,Mixed
63,2020,+,-,+,Mixed
63,2021,+,-,+,Mixed
63,2022,+,-,+,Mixed
63,2023,+,-,+,Mixed
63,2024,+,-,+,Mixed
64,2010,+,-,+,Mixed
64,2011,+,-,+,Mixed
64,2012,+,-,+,Mixed
64,2013,+,-,+,Mixed
64,2014,-,-,+,Growth Funded by Debt
64,2015,+,-,+,Mixed
64,2016,-,-,+,Growth Funded by Debt
64,2017,+,-,+,Mixed
64,2018,+,-,+,Mixed
64,2019,+,-,+,Mixed
64,2020,-,-,+,Growth Funded by Debt
64,2021,+,-,+,Mixed
64,2022,+,-,+,Mixed
64,2023,+,-,+,Mixed
64,2024,+,-,+,Mixed
65,2010,+,-,+,Mixed
65,2011,+,-,+,Mixed
65,2012,+,-,+,Mixed
65,2013,+,-,+,Mixed
65,2014,+,-,+,Mixed
65,2015,-,-,+,Growth Funded by Debt
65,2016,-,-,+,Growth Funded by Debt
65,2017,+,-,+,Mixed
65,2018,+,-,+,Mixed
65,2019,+,-,+,Mixed
65,2020,+,-,+,Mixed
65,2021,+,-,+,Mixed
65,2022,-,-,+,Growth Funded by Debt
65,2023,+,-,+,Mixed
65,2024,+,-,+,Mixed
66,2010,+,-,+,Mixed
66,2011,+,-,+,Mixed
66,2012,+,-,+,Mixed
66,2013,+,-,+,Mixed
66,2014,+,-,+,Mixed
66,2015,-,-,+,Growth Funded by Debt
66,2016,+,-,+,Mixed
66,2017,+,-,+,Mixed
66,2018,+,-,+,Mixed
66,2019,+,-,+,Mixed
66,2020,+,-,+,Mixed
66,2021,+,-,+,Mixed
66,2022,+,-,+,Mixed
66,2023,+,-,+,Mixed
66,2024,+,-,+,Mixed
67,2010,+,-,+,Mixed
67,2011,+,-,+,Mixed
67,2012,+,-,+,Mixed
67,2013,+,-,+,Mixed
67,2014,+,-,+,Mixed
67,2015,+,-,+,Mixed
67,2016,+,-,+,Mixed
67,2017,+,-,+,Mixed
67,2018,+,-,+,Mixed
67,2019,+,-,+,Mixed
67,2020,+,-,+,Mixed
67,2021,+,-,+,Mixed
67,2022,+,-,+,Mixed
67,2023,+,-,+,Mixed
67,2024,+,-,+,Mixed
68,2010,+,-,+,Mixed
68,2011,+,-,+,Mixed
68,2012,+,-,+,Mixed
68,2013,+,-,+,Mixed
68,2014,+,-,+,Mixed
68,2015,+,-,+,Mixed
68,2016,+,-,+,Mixed
68,2017,+,-,+,Mixed
68,2018,+,-,+,Mixed
68,2019,+,-,+,Mixed
68,2020,+,-,+,Mixed
68,2021,+,-,+,Mixed
68,2022,+,-,+,Mixed
68,2023,+,-,+,Mixed
68,2024,+,-,+,Mixed
69,2010,+,-,+,Mixed
69,2011,+,-,+,Mixed
69,2012,+,-,+,Mixed
69,2013,+,-,+,Mixed
69,2014,+,-,+,Mixed
69,2015,+,-,+,Mixed
69,2016,+,-,+,Mixed
69,2017,+,-,+,Mixed
69,2018,+,-,+,Mixed
69,2019,+,-,+,Mixed
69,2020,+,-,+,Mixed
69,2021,+,-,+,Mixed
69,2022,+,-,+,Mixed
69,2023,-,-,+,Growth Funded by Debt
69,2024,+,-,-,Reinvestor
70,2010,+,-,+,Mixed
70,2011,+,-,+,Mixed
70,2012,+,-,+,Mixed
70,2013,+,-,+,Mixed
70,2014,+,-,+,Mixed
70,2015,+,-,+,Mixed
70,2016,+,-,+,Mixed
70,2017,+,-,+,Mixed
70,2018,+,-,+,Mixed
70,2019,+,-,+,Mixed
70,2020,+,-,+,Mixed
70,2021,+,-,+,Mixed
70,2022,+,-,+,Mixed
70,2023,+,-,+,Mixed
70,2024,+,-,+,Mixed
71,2010,+,-,+,Mixed
71,2011,+,-,+,Mixed
71,2012,+,-,+,Mixed
71,2013,+,-,+,Mixed
71,2014,+,-,+,Mixed
71,2015,+,-,+,Mixed
71,2016,+,-,+,Mixed
71,2017,+,-,+,Mixed
71,2018,+,-,+,Mixed
71,2019,-,-,+,Growth Funded by Debt
71,2020,+,-,+,Mixed
71,2021,+,-,+,Mixed
71,2022,+,-,+,Mixed
71,2023,+,-,+,Mixed
71,2024,+,-,+,Mixed
72,2010,+,-,+,Mixed
72,2011,+,-,+,Mixed
72,2012,+,-,+,Mixed
72,2013,+,-,+,Mixed
72,2014,+,-,+,Mixed
72,2015,+,-,+,Mixed
72,2016,+,-,+,Mixed
72,2017,+,-,+,Mixed
72,2018,+,-,+,Mixed
72,2019,+,-,+,Mixed
72,2020,+,-,+,Mixed
72,2021,+,-,+,Mixed
72,2022,+,-,+,Mixed
72,2023,+,-,+,Mixed
72,2024,+,-,+,Mixed
73,2010,+,-,+,Mixed
73,2011,+,-,+,Mixed
73,2012,+,-,+,Mixed
73,2013,+,-,+,Mixed
73,2014,+,-,+,Mixed
73,2015,+,-,+,Mixed
73,2016,+,-,+,Mixed
73,2017,+,-,+,Mixed
73,2018,+,-,+,Mixed
73,2019,+,-,+,Mixed
73,2020,+,-,-,Reinvestor
73,2021,+,-,+,Mixed
73,2022,+,-,+,Mixed
73,2023,+,-,+,Mixed
73,2024,+,-,+,Mixed
74,2010,+,-,+,Mixed
74,2011,+,-,-,Reinvestor
74,2012,+,-,-,Reinvestor
74,2013,+,-,+,Mixed
74,2014,+,-,+,Mixed
74,2015,+,-,+,Mixed
74,2016,+,-,+,Mixed
74,2017,+,-,+,Mixed
74,2018,+,-,+,Mixed
74,2019,+,-,+,Mixed
74,2020,+,-,-,Reinvestor
74,2021,+,-,+,Mixed
74,2022,+,-,+,Mixed
74,2023,+,-,+,Mixed
74,2024,+,-,+,Mixed
75,2010,+,-,+,Mixed
75,2011,+,-,+,Mixed
75,2012,+,-,+,Mixed
75,2013,+,-,+,Mixed
75,2014,+,-,+,Mixed
75,2015,+,-,+,Mixed
75,2016,+,-,+,Mixed
75,2017,+,-,+,Mixed
75,2018,+,-,+,Mixed
75,2019,+,-,+,Mixed
75,2020,+,-,+,Mixed
75,2021,+,-,+,Mixed
75,2022,+,-,+,Mixed
75,2023,+,-,+,Mixed
75,2024,+,-,+,Mixed
76,2010,+,-,+,Mixed
76,2011,+,-,+,Mixed
76,2012,+,-,+,Mixed
76,2013,+,-,+,Mixed
76,2014,+,-,+,Mixed
76,2015,+,-,+,Mixed
76,2016,+,-,+,Mixed
76,2017,+,-,+,Mixed
76,2018,+,-,+,Mixed
76,2019,+,-,+,Mixed
76,2020,+,-,+,Mixed
76,2021,+,-,-,Reinvestor
76,2022,+,-,+,Mixed
76,2023,+,-,+,Mixed
76,2024,+,-,-,Reinvestor
77,2010,+,-,+,Mixed
77,2011,+,-,+,Mixed
77,2012,+,-,+,Mixed
77,2013,+,-,+,Mixed
77,2014,+,-,+,Mixed
77,2015,+,-,-,Reinvestor
77,2016,+,-,+,Mixed
77,2017,+,-,+,Mixed
77,2018,+,-,+,Mixed
77,2019,+,-,+,Mixed
77,2020,+,-,+,Mixed
77,2021,+,-,+,Mixed
77,2022,+,-,+,Mixed
77,2023,+,-,+,Mixed
77,2024,+,-,+,Mixed
78,2010,+,-,-,Reinvestor
78,2011,+,-,+,Mixed
78,2012,+,-,+,Mixed
78,2013,+,-,+,Mixed
78,2014,+,-,+,Mixed
78,2015,+,-,+,Mixed
78,2016,+,-,+,Mixed
78,2017,+,-,+,Mixed
78,2018,+,-,+,Mixed
78,2019,+,-,+,Mixed
78,2020,+,-,+,Mixed
78,2021,+,-,+,Mixed
78,2022,+,-,+,Mixed
78,2023,+,-,+,Mixed
78,2024,+,-,+,Mixed
79,2010,+,-,+,Mixed
79,2011,+,-,+,Mixed
79,2012,+,-,+,Mixed
79,2013,+,-,+,Mixed
79,2014,+,-,+,Mixed
79,2015,+,-,+,Mixed
79,2016,+,-,+,Mixed
79,2017,+,-,+,Mixed
79,2018,+,-,+,Mixed
79,2019,+,-,+,Mixed
79,2020,+,-,+,Mixed
79,2021,+,-,+,Mixed
79,2022,+,-,+,Mixed
79,2023,+,-,+,Mixed
79,2024,+,-,+,Mixed
80,2010,+,-,+,Mixed
80,2011,+,-,+,Mixed
80,2012,+,-,+,Mixed
80,2013,+,-,+,Mixed
80,2014,+,-,+,Mixed
80,2015,+,-,+,Mixed
80,2016,+,-,+,Mixed
80,2017,+,-,+,Mixed
80,2018,+,-,+,Mixed
80,2019,+,-,+,Mixed
80,2020,+,-,+,Mixed
80,2021,+,-,+,Mixed
80,2022,+,-,+,Mixed
80,2023,+,-,+,Mixed
80,2024,+,-,+,Mixed
81,2010,+,-,+,Mixed
81,2011,+,-,+,Mixed
81,2012,+,-,+,Mixed
81,2013,+,-,+,Mixed
81,2014,+,-,+,Mixed
81,2015,+,-,+,Mixed
81,2016,+,-,+,Mixed
81,2017,+,-,+,Mixed
81,2018,+,-,+,Mixed
81,2019,+,-,+,Mixed
81,2020,+,-,+,Mixed
81,2021,+,-,+,Mixed
81,2022,+,-,+,Mixed
81,2023,+,-,+,Mixed
81,2024,+,-,+,Mixed
82,2010,-,-,+,Growth Funded by Debt
82,2011,+,-,+,Mixed
82,2012,+,-,+,Mixed
82,2013,+,-,+,Mixed
82,2014,+,-,+,Mixed
82,2015,+,-,+,Mixed
82,2016,+,-,-,Reinvestor
82,2017,+,-,+,Mixed
82,2018,+,-,+,Mixed
82,2019,+,-,+,Mixed
82,2020,+,-,+,Mixed
82,2021,+,-,+,Mixed
82,2022,+,-,+,Mixed
82,2023,+,-,+,Mixed
82,2024,+,-,+,Mixed
83,2010,+,-,+,Mixed
83,2011,+,-,-,Reinvestor
83,2012,+,-,+,Mixed
83,2013,+,-,-,Reinvestor
83,2014,+,-,-,Reinvestor
83,2015,+,-,-,Reinvestor
83,2016,+,-,+,Mixed
83,2017,+,-,+,Mixed
83,2018,+,-,+,Mixed
83,2019,+,-,+,Mixed
83,2020,+,-,-,Reinvestor
83,2021,+,-,-,Reinvestor
83,2022,+,-,-,Reinvestor
83,2023,+,-,-,Reinvestor
83,2024,+,-,+,Mixed
84,2010,+,-,+,Mixed
84,2011,+,-,+,Mixed
84,2012,+,-,-,Reinvestor
84,2013,+,-,-,Reinvestor
84,2014,+,-,+,Mixed
84,2015,+,-,+,Mixed
84,2016,+,-,-,Reinvestor
84,2017,+,-,-,Reinvestor
84,2018,+,-,-,Reinvestor
84,2019,+,-,+,Mixed
84,2020,+,-,-,Reinvestor
84,2021,+,-,-,Reinvestor
84,2022,+,-,-,Reinvestor
84,2023,+,-,-,Reinvestor
84,2024,+,-,-,Reinvestor
85,2010,+,-,-,Reinvestor
85,2011,+,-,-,Reinvestor
85,2012,+,-,+,Mixed
85,2013,+,-,-,Reinvestor
85,2014,+,-,-,Reinvestor
85,2015,+,-,-,Reinvestor
85,2016,+,-,-,Reinvestor
85,2017,+,-,-,Reinvestor
85,2018,+,-,-,Reinvestor
85,2019,+,-,-,Reinvestor
85,2020,+,-,-,Reinvestor
85,2021,+,-,-,Reinvestor
85,2022,+,-,+,Mixed
85,2023,+,-,-,Reinvestor
85,2024,+,-,-,Reinvestor
86,2010,+,-,+,Mixed
86,2011,+,-,+,Mixed
86,2012,+,-,-,Reinvestor
86,2013,+,-,-,Reinvestor
86,2014,+,-,+,Mixed
86,2015,+,-,-,Reinvestor
86,2016,+,-,+,Mixed
86,2017,+,-,-,Reinvestor
86,2018,+,-,-,Reinvestor
86,2019,+,-,-,Reinvestor
86,2020,+,-,+,Mixed
86,2021,+,-,-,Reinvestor
86,2022,+,-,+,Mixed
86,2023,+,-,-,Reinvestor
86,2024,+,-,-,Reinvestor
87,2010,+,-,+,Mixed
87,2011,-,-,+,Growth Funded by Debt
87,2012,+,-,+,Mixed
87,2013,+,-,+,Mixed
87,2014,-,-,+,Growth Funded by Debt
87,2015,+,-,+,Mixed
87,2016,+,-,+,Mixed
87,2017,-,-,+,Growth Funded by Debt
87,2018,+,-,+,Mixed
87,2019,-,-,+,Growth Funded by Debt
87,2020,+,-,+,Mixed
87,2021,+,-,+,Mixed
87,2022,+,-,+,Mixed
87,2023,+,-,+,Mixed
87,2024,+,-,+,Mixed
88,2010,+,-,+,Mixed
88,2011,+,-,+,Mixed
88,2012,+,-,+,Mixed
88,2013,+,-,+,Mixed
88,2014,+,-,+,Mixed
88,2015,-,-,+,Growth Funded by Debt
88,2016,+,-,+,Mixed
88,2017,+,-,+,Mixed
88,2018,+,-,+,Mixed
88,2019,-,-,+,Growth Funded by Debt
88,2020,+,-,+,Mixed
88,2021,+,-,+,Mixed
88,2022,+,-,+,Mixed
88,2023,+,-,+,Mixed
88,2024,+,-,+,Mixed
89,2010,+,-,+,Mixed
89,2011,+,-,+,Mixed
89,2012,+,-,+,Mixed
89,2013,+,-,+,Mixed
89,2014,+,-,+,Mixed
89,2015,+,-,+,Mixed
89,2016,-,-,+,Growth Funded by Debt
89,2017,+,-,+,Mixed
89,2018,+,-,+,Mixed
89,2019,+,-,+,Mixed
89,2020,+,-,+,Mixed
89,2021,+,-,+,Mixed
89,2022,-,-,+,Growth Funded by Debt
89,2023,+,-,+,Mixed
89,2024,+,-,+,Mixed
90,2010,+,-,+,Mixed
90,2011,+,-,+,Mixed
90,2012,+,-,+,Mixed
90,2013,+,-,+,Mixed
90,2014,+,-,+,Mixed
90,2015,+,-,+,Mixed
90,2016,+,-,+,Mixed
90,2017,+,-,+,Mixed
90,2018,+,-,+,Mixed
90,2019,+,-,+,Mixed
90,2020,+,-,-,Reinvestor
90,2021,+,-,+,Mixed
90,2022,+,-,+,Mixed
90,2023,+,-,+,Mixed
90,2024,+,-,+,Mixed
91,2010,+,-,+,Mixed
91,2011,+,-,+,Mixed
91,2012,+,-,+,Mixed
91,2013,+,-,-,Reinvestor
91,2014,+,-,-,Reinvestor
91,2015,+,-,+,Mixed
91,2016,+,-,+,Mixed
91,2017,+,-,+,Mixed
91,2018,+,-,+,Mixed
91,2019,-,-,+,Growth Funded by Debt
91,2020,+,-,+,Mixed
91,2021,+,-,+,Mixed
91,2022,+,-,+,Mixed
91,2023,+,-,+,Mixed
91,2024,+,-,+,Mixed
92,2010,+,-,+,Mixed
92,2011,+,-,+,Mixed
92,2012,+,-,+,Mixed
92,2013,+,-,+,Mixed
92,2014,+,-,-,Reinvestor
92,2015,+,-,+,Mixed
92,2016,+,-,+,Mixed
92,2017,+,-,+,Mixed
92,2018,+,-,+,Mixed
92,2019,+,-,+,Mixed
92,2020,+,-,+,Mixed
92,2021,-,-,+,Growth Funded by Debt
92,2022,-,-,+,Growth Funded by Debt
92,2023,+,-,+,Mixed
92,2024,+,-,+,Mixed
